{"slide0_points": [[50.0, 37.5]], "slide1_y0": 32.8125, "slide1_points": [[33.33333333333333, 42.1875], [66.66666666666667, 42.1875]], "slide2_points": [[25.0, 46.875], [41.666666666666664, 46.875], [58.333333333333336, 46.875], [75.0, 46.875]], "slide2_y0": 28.125, "slide2_y1": 37.5, "slide1_start_point": [50.0, 32.8125], "slide2_start_points": [[33.33333333333333, 37.5], [33.33333333333333, 37.5], [66.66666666666667, 37.5], [66.66666666666667, 37.5]]}